"Reference","Qty","Value","DNP","Exclude from BOM","Exclude from Board","Footprint","Datasheet"
"A1","1","Adafruit_Feather_M0_RFM69HCW_Packet_Radio","","","","Module:Adafruit_Feather_M0_RFM","https://cdn-learn.adafruit.com/downloads/pdf/adafruit-feather-m0-radio-with-rfm69-packet-radio.pdf"
"C1,C2,C3,C5,C7,C9,C11,C13","8","220n","","","","Capacitor_SMD:C_1206_3216Metric_Pad1.33x1.80mm_HandSolder",""
"C4,C6,C8,C10,C12,C14","6","1n","","","","Capacitor_SMD:C_1206_3216Metric_Pad1.33x1.80mm_HandSolder",""
"J1","1","Conn_01x02_Pin","","","","TerminalBlock_4Ucon:TerminalBlock_4Ucon_1x02_P3.50mm_Horizontal",""
"J3","1","Screw_Terminal_01x08","","","","TerminalBlock:TerminalBlock_MaiXu_MX126-5.0-08P_1x08_P5.00mm",""
"L1","1","T50-43 20t 22swg","","","","Kicad_libs:T50",""
"R1","1","20K","","","","Resistor_SMD:R_1206_3216Metric_Pad1.30x1.75mm_HandSolder",""
"R2","1","1K","","","","Resistor_SMD:R_1206_3216Metric_Pad1.30x1.75mm_HandSolder",""
"U1,U2,U3,U4,U5,U6","6","ITS4200S-ME-P","","","","Kicad_libs:SOT-223-3_TabPin4",""
"U7","1","","","","","Kicad_libs:Adafruit_6062_INA3221",""
"U8","1","BUCK_4739","","","","Kicad_libs:MODULE_4739",""
